[{"model": "auth.permission", "pk": 1, "fields": {"name": "Can add log entry", "content_type": 1, "codename": "add_logentry"}}, {"model": "auth.permission", "pk": 2, "fields": {"name": "Can change log entry", "content_type": 1, "codename": "change_logentry"}}, {"model": "auth.permission", "pk": 3, "fields": {"name": "Can delete log entry", "content_type": 1, "codename": "delete_logentry"}}, {"model": "auth.permission", "pk": 4, "fields": {"name": "Can view log entry", "content_type": 1, "codename": "view_logentry"}}, {"model": "auth.permission", "pk": 5, "fields": {"name": "Can add permission", "content_type": 2, "codename": "add_permission"}}, {"model": "auth.permission", "pk": 6, "fields": {"name": "Can change permission", "content_type": 2, "codename": "change_permission"}}, {"model": "auth.permission", "pk": 7, "fields": {"name": "Can delete permission", "content_type": 2, "codename": "delete_permission"}}, {"model": "auth.permission", "pk": 8, "fields": {"name": "Can view permission", "content_type": 2, "codename": "view_permission"}}, {"model": "auth.permission", "pk": 9, "fields": {"name": "Can add group", "content_type": 3, "codename": "add_group"}}, {"model": "auth.permission", "pk": 10, "fields": {"name": "Can change group", "content_type": 3, "codename": "change_group"}}, {"model": "auth.permission", "pk": 11, "fields": {"name": "Can delete group", "content_type": 3, "codename": "delete_group"}}, {"model": "auth.permission", "pk": 12, "fields": {"name": "Can view group", "content_type": 3, "codename": "view_group"}}, {"model": "auth.permission", "pk": 13, "fields": {"name": "Can add content type", "content_type": 4, "codename": "add_contenttype"}}, {"model": "auth.permission", "pk": 14, "fields": {"name": "Can change content type", "content_type": 4, "codename": "change_contenttype"}}, {"model": "auth.permission", "pk": 15, "fields": {"name": "Can delete content type", "content_type": 4, "codename": "delete_contenttype"}}, {"model": "auth.permission", "pk": 16, "fields": {"name": "Can view content type", "content_type": 4, "codename": "view_contenttype"}}, {"model": "auth.permission", "pk": 17, "fields": {"name": "Can add session", "content_type": 5, "codename": "add_session"}}, {"model": "auth.permission", "pk": 18, "fields": {"name": "Can change session", "content_type": 5, "codename": "change_session"}}, {"model": "auth.permission", "pk": 19, "fields": {"name": "Can delete session", "content_type": 5, "codename": "delete_session"}}, {"model": "auth.permission", "pk": 20, "fields": {"name": "Can view session", "content_type": 5, "codename": "view_session"}}, {"model": "auth.permission", "pk": 21, "fields": {"name": "Can add product categoru", "content_type": 6, "codename": "add_productcategoru"}}, {"model": "auth.permission", "pk": 22, "fields": {"name": "Can change product categoru", "content_type": 6, "codename": "change_productcategoru"}}, {"model": "auth.permission", "pk": 23, "fields": {"name": "Can delete product categoru", "content_type": 6, "codename": "delete_productcategoru"}}, {"model": "auth.permission", "pk": 24, "fields": {"name": "Can view product categoru", "content_type": 6, "codename": "view_productcategoru"}}, {"model": "auth.permission", "pk": 25, "fields": {"name": "Can add product", "content_type": 7, "codename": "add_product"}}, {"model": "auth.permission", "pk": 26, "fields": {"name": "Can change product", "content_type": 7, "codename": "change_product"}}, {"model": "auth.permission", "pk": 27, "fields": {"name": "Can delete product", "content_type": 7, "codename": "delete_product"}}, {"model": "auth.permission", "pk": 28, "fields": {"name": "Can view product", "content_type": 7, "codename": "view_product"}}, {"model": "auth.permission", "pk": 29, "fields": {"name": "Can add user", "content_type": 8, "codename": "add_shopuser"}}, {"model": "auth.permission", "pk": 30, "fields": {"name": "Can change user", "content_type": 8, "codename": "change_shopuser"}}, {"model": "auth.permission", "pk": 31, "fields": {"name": "Can delete user", "content_type": 8, "codename": "delete_shopuser"}}, {"model": "auth.permission", "pk": 32, "fields": {"name": "Can view user", "content_type": 8, "codename": "view_shopuser"}}, {"model": "auth.permission", "pk": 33, "fields": {"name": "Can add basket", "content_type": 9, "codename": "add_basket"}}, {"model": "auth.permission", "pk": 34, "fields": {"name": "Can change basket", "content_type": 9, "codename": "change_basket"}}, {"model": "auth.permission", "pk": 35, "fields": {"name": "Can delete basket", "content_type": 9, "codename": "delete_basket"}}, {"model": "auth.permission", "pk": 36, "fields": {"name": "Can view basket", "content_type": 9, "codename": "view_basket"}}, {"model": "auth.permission", "pk": 37, "fields": {"name": "Can add association", "content_type": 10, "codename": "add_association"}}, {"model": "auth.permission", "pk": 38, "fields": {"name": "Can change association", "content_type": 10, "codename": "change_association"}}, {"model": "auth.permission", "pk": 39, "fields": {"name": "Can delete association", "content_type": 10, "codename": "delete_association"}}, {"model": "auth.permission", "pk": 40, "fields": {"name": "Can view association", "content_type": 10, "codename": "view_association"}}, {"model": "auth.permission", "pk": 41, "fields": {"name": "Can add code", "content_type": 11, "codename": "add_code"}}, {"model": "auth.permission", "pk": 42, "fields": {"name": "Can change code", "content_type": 11, "codename": "change_code"}}, {"model": "auth.permission", "pk": 43, "fields": {"name": "Can delete code", "content_type": 11, "codename": "delete_code"}}, {"model": "auth.permission", "pk": 44, "fields": {"name": "Can view code", "content_type": 11, "codename": "view_code"}}, {"model": "auth.permission", "pk": 45, "fields": {"name": "Can add nonce", "content_type": 12, "codename": "add_nonce"}}, {"model": "auth.permission", "pk": 46, "fields": {"name": "Can change nonce", "content_type": 12, "codename": "change_nonce"}}, {"model": "auth.permission", "pk": 47, "fields": {"name": "Can delete nonce", "content_type": 12, "codename": "delete_nonce"}}, {"model": "auth.permission", "pk": 48, "fields": {"name": "Can view nonce", "content_type": 12, "codename": "view_nonce"}}, {"model": "auth.permission", "pk": 49, "fields": {"name": "Can add user social auth", "content_type": 13, "codename": "add_usersocialauth"}}, {"model": "auth.permission", "pk": 50, "fields": {"name": "Can change user social auth", "content_type": 13, "codename": "change_usersocialauth"}}, {"model": "auth.permission", "pk": 51, "fields": {"name": "Can delete user social auth", "content_type": 13, "codename": "delete_usersocialauth"}}, {"model": "auth.permission", "pk": 52, "fields": {"name": "Can view user social auth", "content_type": 13, "codename": "view_usersocialauth"}}, {"model": "auth.permission", "pk": 53, "fields": {"name": "Can add partial", "content_type": 14, "codename": "add_partial"}}, {"model": "auth.permission", "pk": 54, "fields": {"name": "Can change partial", "content_type": 14, "codename": "change_partial"}}, {"model": "auth.permission", "pk": 55, "fields": {"name": "Can delete partial", "content_type": 14, "codename": "delete_partial"}}, {"model": "auth.permission", "pk": 56, "fields": {"name": "Can view partial", "content_type": 14, "codename": "view_partial"}}, {"model": "auth.permission", "pk": 57, "fields": {"name": "Can add shop user profile", "content_type": 15, "codename": "add_shopuserprofile"}}, {"model": "auth.permission", "pk": 58, "fields": {"name": "Can change shop user profile", "content_type": 15, "codename": "change_shopuserprofile"}}, {"model": "auth.permission", "pk": 59, "fields": {"name": "Can delete shop user profile", "content_type": 15, "codename": "delete_shopuserprofile"}}, {"model": "auth.permission", "pk": 60, "fields": {"name": "Can view shop user profile", "content_type": 15, "codename": "view_shopuserprofile"}}, {"model": "auth.permission", "pk": 61, "fields": {"name": "Can add order item", "content_type": 16, "codename": "add_orderitem"}}, {"model": "auth.permission", "pk": 62, "fields": {"name": "Can change order item", "content_type": 16, "codename": "change_orderitem"}}, {"model": "auth.permission", "pk": 63, "fields": {"name": "Can delete order item", "content_type": 16, "codename": "delete_orderitem"}}, {"model": "auth.permission", "pk": 64, "fields": {"name": "Can view order item", "content_type": 16, "codename": "view_orderitem"}}, {"model": "auth.permission", "pk": 65, "fields": {"name": "Can add \u0437\u0430\u043a\u0430\u0437", "content_type": 17, "codename": "add_order"}}, {"model": "auth.permission", "pk": 66, "fields": {"name": "Can change \u0437\u0430\u043a\u0430\u0437", "content_type": 17, "codename": "change_order"}}, {"model": "auth.permission", "pk": 67, "fields": {"name": "Can delete \u0437\u0430\u043a\u0430\u0437", "content_type": 17, "codename": "delete_order"}}, {"model": "auth.permission", "pk": 68, "fields": {"name": "Can view \u0437\u0430\u043a\u0430\u0437", "content_type": 17, "codename": "view_order"}}, {"model": "sessions.session", "pk": "5i8qx2b4ulag838t8uqx0xs5fgjtkyxf", "fields": {"session_data": "OGNiZjk5MzU1MGUwMjViNWYxNWJhOGYxOTNmZmU1MTA1ZjlmYzJhODp7Il9hdXRoX3VzZXJfaWQiOiI5IiwiX2F1dGhfdXNlcl9iYWNrZW5kIjoiZGphbmdvLmNvbnRyaWIuYXV0aC5iYWNrZW5kcy5Nb2RlbEJhY2tlbmQiLCJfYXV0aF91c2VyX2hhc2giOiI2NWM4YmJkNzQxNDk4NzJkMWM3YjAwMDViZmZlNGIxMGI5NjBkZTQzIn0=", "expire_date": "2019-02-14T06:02:30.202Z"}}, {"model": "sessions.session", "pk": "chrlatv3kmly6qfxpzlni4pzwlpctbx5", "fields": {"session_data": "ZDk4Nzk2Zjk3OTJiNzFhMGM3ZmVlYjhlZWFhYTc5M2ZkMjIxOGFiZDp7Il9hdXRoX3VzZXJfaWQiOiIxIiwiX2F1dGhfdXNlcl9iYWNrZW5kIjoiZGphbmdvLmNvbnRyaWIuYXV0aC5iYWNrZW5kcy5Nb2RlbEJhY2tlbmQiLCJfYXV0aF91c2VyX2hhc2giOiI4N2IyZWYyMjEwZDQ3YTVjOTIwODZhNTUyZGUzM2ZjYTNlNjVjNzU5In0=", "expire_date": "2019-01-27T15:54:38.658Z"}}, {"model": "sessions.session", "pk": "k890bfou06zvxznpaa3a9bn0jz1us8bf", "fields": {"session_data": "ZDk4Nzk2Zjk3OTJiNzFhMGM3ZmVlYjhlZWFhYTc5M2ZkMjIxOGFiZDp7Il9hdXRoX3VzZXJfaWQiOiIxIiwiX2F1dGhfdXNlcl9iYWNrZW5kIjoiZGphbmdvLmNvbnRyaWIuYXV0aC5iYWNrZW5kcy5Nb2RlbEJhY2tlbmQiLCJfYXV0aF91c2VyX2hhc2giOiI4N2IyZWYyMjEwZDQ3YTVjOTIwODZhNTUyZGUzM2ZjYTNlNjVjNzU5In0=", "expire_date": "2019-02-25T12:00:07.933Z"}}, {"model": "mainapp.productcategoru", "pk": 2, "fields": {"name": "\u041a\u0443\u043a\u043b\u044b", "description": "\u041c\u0438\u043b\u044b\u0435 \u043a\u0443\u043a\u043e\u043b\u043a\u0438 \u0434\u043b\u044f \u0432\u0430\u0441 \u0438 \u0432\u0430\u0448\u0435\u0439 \u0441\u0435\u043c\u044c\u0438", "is_active": true}}, {"model": "mainapp.productcategoru", "pk": 3, "fields": {"name": "\u0418\u0433\u0440\u0443\u0448\u043a\u0438", "description": "\u041c\u044f\u0433\u043a\u0438\u0435 \u0443\u044e\u0442\u043d\u044b\u0435 \u0438\u0433\u0440\u0443\u0448\u043a\u0438.", "is_active": true}}, {"model": "mainapp.productcategoru", "pk": 4, "fields": {"name": "\u041f\u043e\u0434\u0430\u0440\u043a\u0438", "description": "\u041c\u044f\u0433\u043a\u0438\u0435 \u043f\u043e\u0434\u0430\u0440\u043a\u0438 \u043d\u0430 \u043b\u044e\u0431\u043e\u0439 \u043f\u0440\u0430\u0437\u0434\u043d\u0438\u043a.", "is_active": true}}, {"model": "mainapp.productcategoru", "pk": 5, "fields": {"name": "Sale", "description": "", "is_active": true}}, {"model": "mainapp.productcategoru", "pk": 6, "fields": {"name": "\u041d\u043e\u0432\u0430\u044f", "description": "\u041a\u0430\u0442\u0435\u0433\u043e\u0440\u0438\u044f", "is_active": false}}, {"model": "mainapp.productcategoru", "pk": 7, "fields": {"name": "mebel", "description": "hgkb", "is_active": false}}, {"model": "mainapp.product", "pk": 3, "fields": {"category": 2, "name": "\u041a\u0443\u043a\u043b\u0430 \u041c\u0438\u043b\u044f", "image": "products_images/tovar_3_8ECbARV_VLZBFrC.jpg", "short_desc": "\u041c\u0438\u043b\u0430\u044f \u043a\u0443\u043a\u043e\u043b\u043a\u0430 \u0434\u043b\u044f \u0432\u0430\u0441", "description": "\u041c\u0438\u043b\u0430\u044f \u043a\u0443\u043a\u043e\u043b\u043a\u0430 \u0434\u043b\u044f \u0432\u0430\u0441", "price": "1250.00", "quantity": 9, "is_active": true}}, {"model": "mainapp.product", "pk": 4, "fields": {"category": 3, "name": "\u0412\u0435\u0441\u0435\u043b\u044b\u0435 \u043e\u043b\u0435\u043d\u044f\u0442\u0430", "image": "products_images/tovar_2_ru9czAK.jpg", "short_desc": "\u041e\u043b\u0435\u043d\u044f\u0442\u0430-\u0434\u0440\u0443\u0437\u044c\u044f", "description": "\u041c\u0438\u043b\u044b\u0435 \u043e\u043b\u0435\u043d\u044f\u0442\u0430 \u043d\u0435 \u043e\u0441\u0442\u0430\u0432\u044f\u0442 \u0432\u0430\u0441 \u0440\u0430\u0432\u043d\u043e\u0434\u0443\u0448\u043d\u044b\u043c\u0438!", "price": "1950.00", "quantity": 9, "is_active": true}}, {"model": "mainapp.product", "pk": 5, "fields": {"category": 4, "name": "\u0424\u0438\u043d\u0441\u043a\u0430\u044f \u043a\u0443\u043a\u043e\u043b\u043a\u0430", "image": "products_images/tovar_1_qDDxEOn.jpg", "short_desc": "\u041a\u0443\u043a\u043e\u043b\u043a\u0430 \u0432 \u0444\u0438\u043d\u0441\u043a\u043e\u043c \u043a\u043e\u0441\u0442\u044e\u043c\u0435", "description": "\u041a\u0443\u043a\u043e\u043b\u043a\u0430 \u043e\u0434\u0435\u0442\u0430 \u0432 \u0444\u0438\u043d\u0441\u043a\u0438\u0439 \u043a\u043e\u0441\u0442\u044e\u043c", "price": "3100.00", "quantity": 10, "is_active": true}}, {"model": "mainapp.product", "pk": 7, "fields": {"category": 2, "name": "\u041a\u0443\u043a\u043b\u0430 \u041d\u0430\u0442\u0430\u043b\u0438", "image": "products_images/Nataly_BKyEwxD.jpg", "short_desc": "\u041c\u0438\u043b\u0430\u044f \u043a\u0443\u043a\u043e\u043b\u043a\u0430 \u0434\u043b\u044f \u0432\u0430\u0441", "description": "\u041c\u043e\u0434\u043d\u0430\u044f \u043a\u0443\u043a\u043e\u043b\u043a\u0430 \u0432 \u043e\u0434\u0435\u0436\u0434\u0435, \u0441\u0448\u0438\u0442\u043e\u0439 \u043f\u043e \u0432\u0430\u0448\u0435\u043c\u0443 \u0444\u043e\u0442\u043e", "price": "2700.00", "quantity": 4, "is_active": true}}, {"model": "mainapp.product", "pk": 8, "fields": {"category": 3, "name": "\u0417\u0430\u0439\u0447\u0430\u0442\u0430", "image": "products_images/29737996_2057372331212719_5272962741215166464_n_Pkyl4aj.jpg", "short_desc": "\u0412\u0435\u0441\u0435\u043b\u044b\u0435 \u0437\u0430\u0439\u0447\u0430\u0442\u0430-\u0434\u0440\u0443\u0437\u044c\u044f", "description": "\u0412\u0435\u0441\u0435\u043b\u044b\u0435 \u0437\u0430\u0439\u0447\u0430\u0442\u0430-\u0434\u0440\u0443\u0437\u044c\u044f", "price": "3250.00", "quantity": 14, "is_active": true}}, {"model": "mainapp.product", "pk": 9, "fields": {"category": 2, "name": "\u041a\u0443\u043a\u043b\u0430 \u0424\u0438\u0430\u043b\u043a\u0430", "image": "products_images/O4126-5f5_c.jpg", "short_desc": "\u041c\u0438\u043b\u0430\u044f \u043a\u0443\u043a\u043e\u043b\u043a\u0430 \u0434\u043b\u044f \u0432\u0430\u0441", "description": "\u041c\u0438\u043b\u0430\u044f \u043a\u0443\u043a\u043e\u043b\u043a\u0430, \u043e\u0434\u0435\u0442\u0430\u044f \u0432 \u0446\u0432\u0435\u0442\u0430 \u0444\u0438\u0430\u043b\u043a\u0438", "price": "1790.00", "quantity": 8, "is_active": true}}, {"model": "mainapp.product", "pk": 10, "fields": {"category": 4, "name": "\u041f\u043e\u0434\u0430\u0440\u043e\u0447\u0435\u043a", "image": "products_images/\u043f\u043e\u0434\u0430\u0440\u043e\u043a.png", "short_desc": "", "description": "\u0418\u043d\u0434\u0438\u0432\u0438\u0434\u0443\u0430\u043b\u044c\u043d\u0430\u044f \u0438\u0433\u0440\u0443\u0448\u043a\u0430\\\u043a\u0443\u043a\u043b\u0430", "price": "4250.00", "quantity": 150, "is_active": true}}, {"model": "mainapp.product", "pk": 11, "fields": {"category": 4, "name": "\u041f\u043e\u0437\u0434\u0440\u0430\u0432\u043b\u0435\u043d\u0438\u044f", "image": "products_images/shar.jpeg", "short_desc": "\u041f\u043e\u0437\u0434\u0440\u0430\u0432\u043b\u0435\u043d\u0438\u044f", "description": "\u041d\u0430\u043f\u0438\u0448\u0435\u043c \u0432\u0430\u043c \u043d\u0430 \u043f\u043e\u0447\u0442\u0443 \u043f\u043e\u0437\u0434\u0440\u0430\u0432\u043b\u0435\u043d\u0438\u044f \u0438\u043b\u0438 \u043f\u0440\u0438\u0448\u043b\u0435\u043c \u0441\u043c\u0441!", "price": "0.00", "quantity": 149, "is_active": true}}, {"model": "mainapp.product", "pk": 15, "fields": {"category": 5, "name": "\u0421\u043a\u0438\u0434\u043a\u0430", "image": "products_images/shar_tQUeaDm.jpeg", "short_desc": "", "description": "\u0421\u043a\u0438\u0434\u043a\u0430 \u043d\u0430 \u043e\u043f\u0442\u043e\u0432\u0443\u044e \u043f\u043e\u043a\u0443\u043f\u043a\u0443 20%", "price": "0.00", "quantity": 9998, "is_active": true}}, {"model": "mainapp.product", "pk": 16, "fields": {"category": 2, "name": "\u041d\u043e\u0432\u044b\u0439 \u043f\u0440\u043e\u0434\u0443\u043a\u0442 (\u043d\u043e\u0432\u0435\u043d\u044c\u043a\u0438\u0439)", "image": "products_images/tovar_promo_nOSdqgx.jpg", "short_desc": "\u041a\u0443\u043a\u043e\u043b\u043a\u0430 \u0434\u043b\u044f \u0432\u0430\u0441 (\u043d\u043e\u0432\u044b\u0439 \u043f\u0440\u043e\u0434\u0443\u043a\u0442)", "description": "\u0421\u043e\u0437\u0434\u0430\u0435\u043c \u043d\u043e\u0432\u044b\u0439 \u043f\u0440\u043e\u0434\u0443\u043a\u0442 \u0434\u043b\u044f \u0432\u0430\u0441.", "price": "500.00", "quantity": 13, "is_active": false}}, {"model": "authapp.shopuser", "pk": 1, "fields": {"password": "pbkdf2_sha256$120000$5jAljW0U34Ze$o/cRTAk/TdEMGlyG2UXGRLB60Oynea4EGLy1t4qdGWM=", "last_login": "2019-02-11T12:00:07.610Z", "is_superuser": true, "username": "django", "first_name": "Django", "last_name": "", "email": "django@geekshop.local", "is_staff": true, "is_active": true, "date_joined": "2019-01-09T20:06:48.553Z", "avatar": "users_avatars/pvaZk1d1ys8.jpg", "age": 23, "activation_key": "", "activation_key_expires": "2019-02-02T04:47:26.030Z", "groups": [], "user_permissions": []}}, {"model": "authapp.shopuser", "pk": 8, "fields": {"password": "pbkdf2_sha256$120000$5iHIjqjOui2g$mmpn07nlY+WqQb129Cm7YoLSM0RaVxtee0uDvs685Hs=", "last_login": "2019-01-31T05:44:04.478Z", "is_superuser": false, "username": "YulKars", "first_name": "\u042e\u043b\u0438\u044f", "last_name": "", "email": "lyly1001@yandex.ru", "is_staff": false, "is_active": true, "date_joined": "2019-01-31T05:43:32.471Z", "avatar": "users_avatars/VK_Saved_Photo__636033131914672172_qKgNKgL.jpg", "age": 23, "activation_key": "084e6b2c5ba7ef7baa3edf41712ae7a9a1e973c9", "activation_key_expires": "2019-02-02T05:43:32.471Z", "groups": [], "user_permissions": []}}, {"model": "authapp.shopuser", "pk": 9, "fields": {"password": "pbkdf2_sha256$120000$LPMETDVPxqJT$eShVJElyGZpTVWJoFvKEuKcfbzf0lkAKHBBBbdOB+hk=", "last_login": "2019-01-31T06:02:30.103Z", "is_superuser": false, "username": "honor", "first_name": "\u0425\u043e\u043d\u043e\u0440", "last_name": "", "email": "jdksi@mail.ru", "is_staff": false, "is_active": true, "date_joined": "2019-01-31T05:58:17.312Z", "avatar": "", "age": 56, "activation_key": "e7a960eec2149a1361cd1c4d13fb195a8dac1cac", "activation_key_expires": "2019-02-02T05:58:17.312Z", "groups": [], "user_permissions": []}}, {"model": "authapp.shopuser", "pk": 10, "fields": {"password": "!mIo3mpLL0vDoUshFxfTGFl1LholUd2ZqgracOW1U", "last_login": "2019-02-11T11:59:58.713Z", "is_superuser": false, "username": "lyly1001", "first_name": "\u042e\u043b\u0438\u044f", "last_name": "\u041a\u0430\u0440\u0441\u0430\u043a\u043e\u0432\u0430", "email": "lyly1001@yandex.ru", "is_staff": false, "is_active": true, "date_joined": "2019-01-31T08:57:26.692Z", "avatar": "users_avatars/WP_20161127_17_33_30_Pro.jpg", "age": 18, "activation_key": "", "activation_key_expires": "2019-02-02T08:57:26.692Z", "groups": [], "user_permissions": []}}, {"model": "authapp.shopuser", "pk": 11, "fields": {"password": "pbkdf2_sha256$120000$lPoCa6NrbWv2$p8P4WjIVY2bWYJ8gfKHcOcxEgojYJPHEKAWT4VgOklo=", "last_login": "2019-01-31T10:25:52.314Z", "is_superuser": false, "username": "Yudle", "first_name": "Opel", "last_name": "", "email": "hfjdur@hdid.ru", "is_staff": false, "is_active": true, "date_joined": "2019-01-31T10:25:33.564Z", "avatar": "", "age": 25, "activation_key": "88095eff710f1f0ed6840224f7daa8bb72b34637", "activation_key_expires": "2019-02-02T10:25:33.564Z", "groups": [], "user_permissions": []}}, {"model": "authapp.shopuserprofile", "pk": 1, "fields": {"user": 1, "tagline": "", "aboutMe": "", "gender": "W"}}, {"model": "authapp.shopuserprofile", "pk": 2, "fields": {"user": 8, "tagline": "", "aboutMe": "", "gender": ""}}, {"model": "authapp.shopuserprofile", "pk": 3, "fields": {"user": 9, "tagline": "", "aboutMe": "", "gender": ""}}, {"model": "authapp.shopuserprofile", "pk": 4, "fields": {"user": 10, "tagline": "", "aboutMe": "", "gender": ""}}, {"model": "authapp.shopuserprofile", "pk": 5, "fields": {"user": 11, "tagline": "", "aboutMe": "", "gender": ""}}, {"model": "basketapp.basket", "pk": 15, "fields": {"user": 1, "product": 3, "quantity": 1, "add_datetime": "2019-02-13T15:48:30.909Z"}}, {"model": "social_django.usersocialauth", "pk": 1, "fields": {"user": 10, "provider": "google-oauth2", "uid": "lyly1001@yandex.ru", "extra_data": "{\"auth_time\": 1549886398, \"expires\": 3599, \"token_type\": \"Bearer\", \"access_token\": \"ya29.GlytBnYMu4o94LH0XGY7SVWLY_NT5CrAXtAk4oYLh8rWPBWTwqMNbZp-KbIbaUwOc-Ge7LYAu3xh368Gcmka7hZ2dDCxHrzs8LiHfJomck7Qncu9MgWNxdC9F_yI7w\"}"}}, {"model": "ordersapp.order", "pk": 1, "fields": {"user": 1, "created": "2019-02-11T07:40:09.061Z", "updated": "2019-02-11T09:47:17.354Z", "status": "STP", "is_active": true}}, {"model": "ordersapp.order", "pk": 2, "fields": {"user": 1, "created": "2019-02-11T07:43:13.229Z", "updated": "2019-02-11T08:46:11.698Z", "status": "STP", "is_active": true}}, {"model": "ordersapp.order", "pk": 3, "fields": {"user": 1, "created": "2019-02-11T07:51:47.593Z", "updated": "2019-02-11T08:37:23.250Z", "status": "FM", "is_active": false}}, {"model": "ordersapp.order", "pk": 4, "fields": {"user": 1, "created": "2019-02-11T08:08:26.819Z", "updated": "2019-02-11T08:35:55.865Z", "status": "FM", "is_active": false}}, {"model": "ordersapp.order", "pk": 5, "fields": {"user": 1, "created": "2019-02-11T08:16:25.752Z", "updated": "2019-02-11T08:35:51.326Z", "status": "FM", "is_active": false}}, {"model": "ordersapp.order", "pk": 6, "fields": {"user": 1, "created": "2019-02-11T09:43:07.066Z", "updated": "2019-02-11T09:43:46.385Z", "status": "STP", "is_active": true}}, {"model": "ordersapp.order", "pk": 7, "fields": {"user": 1, "created": "2019-02-11T09:56:33.195Z", "updated": "2019-02-11T09:56:50.397Z", "status": "STP", "is_active": true}}, {"model": "ordersapp.order", "pk": 8, "fields": {"user": 1, "created": "2019-02-11T10:27:23.641Z", "updated": "2019-02-11T10:27:48.928Z", "status": "STP", "is_active": true}}, {"model": "ordersapp.order", "pk": 9, "fields": {"user": 1, "created": "2019-02-11T10:58:57.338Z", "updated": "2019-02-11T11:00:22.790Z", "status": "FM", "is_active": false}}, {"model": "ordersapp.order", "pk": 10, "fields": {"user": 1, "created": "2019-02-11T11:01:00.078Z", "updated": "2019-02-11T11:01:10.623Z", "status": "STP", "is_active": true}}, {"model": "ordersapp.order", "pk": 11, "fields": {"user": 1, "created": "2019-02-11T11:07:58.585Z", "updated": "2019-02-11T11:08:15.985Z", "status": "STP", "is_active": true}}, {"model": "ordersapp.order", "pk": 12, "fields": {"user": 1, "created": "2019-02-11T11:09:49.768Z", "updated": "2019-02-11T11:10:04.179Z", "status": "STP", "is_active": true}}, {"model": "ordersapp.order", "pk": 13, "fields": {"user": 1, "created": "2019-02-11T11:10:39.871Z", "updated": "2019-02-11T11:10:53.142Z", "status": "STP", "is_active": true}}, {"model": "ordersapp.order", "pk": 14, "fields": {"user": 1, "created": "2019-02-11T11:12:26.080Z", "updated": "2019-02-11T11:17:30.318Z", "status": "FM", "is_active": false}}, {"model": "ordersapp.order", "pk": 15, "fields": {"user": 1, "created": "2019-02-11T11:18:22.603Z", "updated": "2019-02-11T11:20:47.331Z", "status": "FM", "is_active": false}}, {"model": "ordersapp.order", "pk": 16, "fields": {"user": 1, "created": "2019-02-11T11:24:04.350Z", "updated": "2019-02-11T13:36:24.069Z", "status": "FM", "is_active": true}}, {"model": "ordersapp.order", "pk": 17, "fields": {"user": 1, "created": "2019-02-11T11:37:17.359Z", "updated": "2019-02-11T11:37:18.014Z", "status": "FM", "is_active": false}}, {"model": "ordersapp.order", "pk": 18, "fields": {"user": 1, "created": "2019-02-11T12:49:53.624Z", "updated": "2019-02-13T15:51:23.378Z", "status": "FM", "is_active": false}}, {"model": "ordersapp.order", "pk": 19, "fields": {"user": 1, "created": "2019-02-11T13:16:26.030Z", "updated": "2019-02-11T13:35:01.853Z", "status": "FM", "is_active": false}}, {"model": "ordersapp.order", "pk": 20, "fields": {"user": 1, "created": "2019-02-11T13:34:54.022Z", "updated": "2019-02-11T13:34:54.355Z", "status": "FM", "is_active": false}}, {"model": "ordersapp.order", "pk": 21, "fields": {"user": 1, "created": "2019-02-13T15:13:25.052Z", "updated": "2019-02-13T15:13:30.211Z", "status": "FM", "is_active": false}}, {"model": "ordersapp.order", "pk": 22, "fields": {"user": 1, "created": "2019-02-13T15:47:03.742Z", "updated": "2019-02-13T15:48:04.694Z", "status": "FM", "is_active": false}}, {"model": "ordersapp.order", "pk": 23, "fields": {"user": 1, "created": "2019-02-13T15:47:15.854Z", "updated": "2019-02-13T15:47:56.084Z", "status": "FM", "is_active": false}}, {"model": "ordersapp.orderitem", "pk": 1, "fields": {"order": 1, "product": 7, "quantity": 1}}, {"model": "ordersapp.orderitem", "pk": 2, "fields": {"order": 1, "product": 3, "quantity": 1}}, {"model": "ordersapp.orderitem", "pk": 3, "fields": {"order": 1, "product": 4, "quantity": 1}}, {"model": "ordersapp.orderitem", "pk": 4, "fields": {"order": 2, "product": 7, "quantity": 50}}, {"model": "ordersapp.orderitem", "pk": 5, "fields": {"order": 3, "product": 16, "quantity": 1}}, {"model": "ordersapp.orderitem", "pk": 6, "fields": {"order": 4, "product": 9, "quantity": 4}}, {"model": "ordersapp.orderitem", "pk": 7, "fields": {"order": 4, "product": 4, "quantity": 2}}, {"model": "ordersapp.orderitem", "pk": 8, "fields": {"order": 5, "product": 5, "quantity": 6}}, {"model": "ordersapp.orderitem", "pk": 9, "fields": {"order": 6, "product": 7, "quantity": 1}}, {"model": "ordersapp.orderitem", "pk": 10, "fields": {"order": 7, "product": 4, "quantity": 2}}, {"model": "ordersapp.orderitem", "pk": 11, "fields": {"order": 8, "product": 5, "quantity": 10}}, {"model": "ordersapp.orderitem", "pk": 12, "fields": {"order": 8, "product": 3, "quantity": 1}}, {"model": "ordersapp.orderitem", "pk": 13, "fields": {"order": 9, "product": 9, "quantity": 5}}, {"model": "ordersapp.orderitem", "pk": 14, "fields": {"order": 10, "product": 9, "quantity": 4}}, {"model": "ordersapp.orderitem", "pk": 15, "fields": {"order": 11, "product": 4, "quantity": 4}}, {"model": "ordersapp.orderitem", "pk": 16, "fields": {"order": 12, "product": 4, "quantity": 1}}, {"model": "ordersapp.orderitem", "pk": 17, "fields": {"order": 13, "product": 7, "quantity": 1}}, {"model": "ordersapp.orderitem", "pk": 18, "fields": {"order": 14, "product": 8, "quantity": 1}}, {"model": "ordersapp.orderitem", "pk": 19, "fields": {"order": 15, "product": 8, "quantity": 1}}, {"model": "ordersapp.orderitem", "pk": 20, "fields": {"order": 16, "product": 3, "quantity": 3}}, {"model": "ordersapp.orderitem", "pk": 21, "fields": {"order": 17, "product": 7, "quantity": 0}}, {"model": "ordersapp.orderitem", "pk": 22, "fields": {"order": 18, "product": 7, "quantity": 7}}, {"model": "ordersapp.orderitem", "pk": 23, "fields": {"order": 19, "product": 3, "quantity": 22}}, {"model": "ordersapp.orderitem", "pk": 24, "fields": {"order": 16, "product": 11, "quantity": 1}}, {"model": "ordersapp.orderitem", "pk": 25, "fields": {"order": 18, "product": 5, "quantity": 3}}, {"model": "ordersapp.orderitem", "pk": 26, "fields": {"order": 21, "product": 5, "quantity": 3}}, {"model": "ordersapp.orderitem", "pk": 27, "fields": {"order": 22, "product": 5, "quantity": 7}}, {"model": "ordersapp.orderitem", "pk": 28, "fields": {"order": 23, "product": 5, "quantity": 5}}, {"model": "admin.logentry", "pk": 1, "fields": {"action_time": "2019-01-09T23:46:35.420Z", "user": 1, "content_type": 6, "object_id": "1", "object_repr": "ProductCategoru: \u0434\u043e\u043c (1)", "action_flag": 3, "change_message": ""}}, {"model": "admin.logentry", "pk": 2, "fields": {"action_time": "2019-01-09T23:46:58.454Z", "user": 1, "content_type": 6, "object_id": "2", "object_repr": "ProductCategoru: \u041a\u0443\u043a\u043b\u044b (2)", "action_flag": 2, "change_message": "[{\"changed\": {\"fields\": [\"name\", \"description\"]}}]"}}, {"model": "admin.logentry", "pk": 3, "fields": {"action_time": "2019-01-09T23:47:14.716Z", "user": 1, "content_type": 6, "object_id": "3", "object_repr": "ProductCategoru: \u0418\u0433\u0440\u0443\u0448\u043a\u0438 (3)", "action_flag": 2, "change_message": "[{\"changed\": {\"fields\": [\"name\", \"description\"]}}]"}}, {"model": "admin.logentry", "pk": 4, "fields": {"action_time": "2019-01-09T23:47:30.248Z", "user": 1, "content_type": 6, "object_id": "4", "object_repr": "ProductCategoru: \u041f\u043e\u0434\u0430\u0440\u043a\u0438 (4)", "action_flag": 2, "change_message": "[{\"changed\": {\"fields\": [\"name\", \"description\"]}}]"}}, {"model": "admin.logentry", "pk": 5, "fields": {"action_time": "2019-01-09T23:48:02.142Z", "user": 1, "content_type": 7, "object_id": "3", "object_repr": "Product: \u041a\u0443\u043a\u043b\u0430 \u041c\u0438\u043b\u044f (3)", "action_flag": 1, "change_message": "[{\"added\": {}}]"}}, {"model": "admin.logentry", "pk": 6, "fields": {"action_time": "2019-01-09T23:50:04.670Z", "user": 1, "content_type": 7, "object_id": "3", "object_repr": "Product: \u041a\u0443\u043a\u043b\u0430 \u041c\u0438\u043b\u044f (3)", "action_flag": 2, "change_message": "[]"}}, {"model": "admin.logentry", "pk": 7, "fields": {"action_time": "2019-01-09T23:53:28.624Z", "user": 1, "content_type": 7, "object_id": "4", "object_repr": "Product: \u0412\u0435\u0441\u0435\u043b\u044b\u0435 \u043e\u043b\u0435\u043d\u044f\u0442\u0430 (4)", "action_flag": 1, "change_message": "[{\"added\": {}}]"}}, {"model": "admin.logentry", "pk": 8, "fields": {"action_time": "2019-01-13T00:54:27.164Z", "user": 1, "content_type": 7, "object_id": "3", "object_repr": "Product: \u041a\u0443\u043a\u043b\u0430 \u041c\u0438\u043b\u044f (3)", "action_flag": 2, "change_message": "[{\"changed\": {\"fields\": [\"description\"]}}]"}}, {"model": "admin.logentry", "pk": 9, "fields": {"action_time": "2019-01-13T01:09:55.172Z", "user": 1, "content_type": 7, "object_id": "5", "object_repr": "Product: \u0424\u0438\u043d\u0441\u043a\u0430\u044f \u043a\u0443\u043a\u043e\u043b\u043a\u0430 (5)", "action_flag": 1, "change_message": "[{\"added\": {}}]"}}, {"model": "admin.logentry", "pk": 10, "fields": {"action_time": "2019-01-13T01:11:00.956Z", "user": 1, "content_type": 7, "object_id": "6", "object_repr": "Product: \u041a\u0443\u043a\u043b\u0430 \u0421\u043d\u0435\u0436\u043a\u0430 (6)", "action_flag": 1, "change_message": "[{\"added\": {}}]"}}, {"model": "admin.logentry", "pk": 11, "fields": {"action_time": "2019-01-13T01:47:20.490Z", "user": 1, "content_type": 7, "object_id": "6", "object_repr": "Product: \u041a\u0443\u043a\u043b\u0430 \u0421\u043d\u0435\u0436\u043a\u0430 (6)", "action_flag": 2, "change_message": "[{\"changed\": {\"fields\": [\"image\"]}}]"}}, {"model": "admin.logentry", "pk": 12, "fields": {"action_time": "2019-01-13T01:48:13.674Z", "user": 1, "content_type": 7, "object_id": "6", "object_repr": "Product: \u041a\u0443\u043a\u043b\u0430 \u0421\u043d\u0435\u0436\u043a\u0430 (6)", "action_flag": 2, "change_message": "[{\"changed\": {\"fields\": [\"image\"]}}]"}}, {"model": "admin.logentry", "pk": 13, "fields": {"action_time": "2019-01-13T01:49:35.239Z", "user": 1, "content_type": 7, "object_id": "6", "object_repr": "Product: \u041a\u0443\u043a\u043b\u0430 \u0421\u043d\u0435\u0436\u043a\u0430 (6)", "action_flag": 3, "change_message": ""}}, {"model": "admin.logentry", "pk": 14, "fields": {"action_time": "2019-01-13T01:50:36.827Z", "user": 1, "content_type": 7, "object_id": "7", "object_repr": "Product: \u041a\u0443\u043a\u043b\u0430 \u041d\u0430\u0442\u0430\u043b\u0438 (7)", "action_flag": 1, "change_message": "[{\"added\": {}}]"}}, {"model": "admin.logentry", "pk": 15, "fields": {"action_time": "2019-01-13T01:55:25.604Z", "user": 1, "content_type": 7, "object_id": "8", "object_repr": "Product: \u0417\u0430\u0439\u0447\u0430\u0442\u0430 (8)", "action_flag": 1, "change_message": "[{\"added\": {}}]"}}, {"model": "admin.logentry", "pk": 16, "fields": {"action_time": "2019-01-13T01:55:53.447Z", "user": 1, "content_type": 7, "object_id": "8", "object_repr": "Product: \u0417\u0430\u0439\u0447\u0430\u0442\u0430 (8)", "action_flag": 2, "change_message": "[{\"changed\": {\"fields\": [\"image\"]}}]"}}, {"model": "admin.logentry", "pk": 17, "fields": {"action_time": "2019-01-13T01:57:40.418Z", "user": 1, "content_type": 7, "object_id": "8", "object_repr": "Product: \u0417\u0430\u0439\u0447\u0430\u0442\u0430 (8)", "action_flag": 2, "change_message": "[{\"changed\": {\"fields\": [\"image\"]}}]"}}, {"model": "admin.logentry", "pk": 18, "fields": {"action_time": "2019-01-13T01:58:51.548Z", "user": 1, "content_type": 7, "object_id": "9", "object_repr": "Product: \u041a\u0443\u043a\u043b\u0430 \u0424\u0438\u0430\u043b\u043a\u0430 (9)", "action_flag": 1, "change_message": "[{\"added\": {}}]"}}, {"model": "admin.logentry", "pk": 19, "fields": {"action_time": "2019-01-13T02:00:47.541Z", "user": 1, "content_type": 7, "object_id": "10", "object_repr": "Product: \u041f\u043e\u0434\u0430\u0440\u043e\u0447\u0435\u043a (10)", "action_flag": 1, "change_message": "[{\"added\": {}}]"}}, {"model": "admin.logentry", "pk": 20, "fields": {"action_time": "2019-01-13T02:15:02.079Z", "user": 1, "content_type": 7, "object_id": "11", "object_repr": "Product: \u041f\u043e\u0437\u0434\u0440\u0430\u0432\u043b\u0435\u043d\u0438\u044f (11)", "action_flag": 1, "change_message": "[{\"added\": {}}]"}}, {"model": "admin.logentry", "pk": 21, "fields": {"action_time": "2019-01-13T02:16:16.965Z", "user": 1, "content_type": 7, "object_id": "12", "object_repr": "Product: \u043e\u043b\u0440 (12)", "action_flag": 1, "change_message": "[{\"added\": {}}]"}}, {"model": "admin.logentry", "pk": 22, "fields": {"action_time": "2019-01-13T02:16:50.987Z", "user": 1, "content_type": 7, "object_id": "13", "object_repr": "Product: 412 (13)", "action_flag": 1, "change_message": "[{\"added\": {}}]"}}, {"model": "admin.logentry", "pk": 23, "fields": {"action_time": "2019-01-13T02:17:23.690Z", "user": 1, "content_type": 7, "object_id": "14", "object_repr": "Product: \u043f\u0440 (14)", "action_flag": 1, "change_message": "[{\"added\": {}}]"}}, {"model": "admin.logentry", "pk": 24, "fields": {"action_time": "2019-01-13T02:21:35.170Z", "user": 1, "content_type": 7, "object_id": "14", "object_repr": "Product: \u043f\u0440 (14)", "action_flag": 3, "change_message": ""}}, {"model": "admin.logentry", "pk": 25, "fields": {"action_time": "2019-01-13T02:21:35.439Z", "user": 1, "content_type": 7, "object_id": "13", "object_repr": "Product: 412 (13)", "action_flag": 3, "change_message": ""}}, {"model": "admin.logentry", "pk": 26, "fields": {"action_time": "2019-01-13T02:21:35.740Z", "user": 1, "content_type": 7, "object_id": "12", "object_repr": "Product: \u043e\u043b\u0440 (12)", "action_flag": 3, "change_message": ""}}, {"model": "admin.logentry", "pk": 27, "fields": {"action_time": "2019-01-13T15:00:51.933Z", "user": 1, "content_type": 6, "object_id": "5", "object_repr": "ProductCategoru: \u0413\u043e\u0440\u044f\u0447\u0435\u0435 \u043f\u0440\u0435\u0434\u043b\u043e\u0436\u0435\u043d\u0438\u0435 (5)", "action_flag": 1, "change_message": "[{\"added\": {}}]"}}, {"model": "admin.logentry", "pk": 28, "fields": {"action_time": "2019-01-13T15:02:21.248Z", "user": 1, "content_type": 7, "object_id": "15", "object_repr": "Product: \u0421\u043a\u0438\u0434\u043a\u0430 \u043d\u0430 \u043e\u043f\u0442\u043e\u0432\u0443\u044e \u043f\u043e\u043a\u0443\u043f\u043a\u0443 (15)", "action_flag": 1, "change_message": "[{\"added\": {}}]"}}, {"model": "admin.logentry", "pk": 29, "fields": {"action_time": "2019-01-13T15:09:38.765Z", "user": 1, "content_type": 7, "object_id": "15", "object_repr": "Product: \u0421\u043a\u0438\u0434\u043a\u0430 \u043d\u0430 \u043e\u043f\u0442\u043e\u0432\u0443\u044e \u043f\u043e\u043a\u0443\u043f\u043a\u0443 20% (15)", "action_flag": 2, "change_message": "[{\"changed\": {\"fields\": [\"name\"]}}]"}}, {"model": "admin.logentry", "pk": 30, "fields": {"action_time": "2019-01-13T15:10:10.317Z", "user": 1, "content_type": 6, "object_id": "5", "object_repr": "ProductCategoru: Sale (5)", "action_flag": 2, "change_message": "[{\"changed\": {\"fields\": [\"name\"]}}]"}}, {"model": "admin.logentry", "pk": 31, "fields": {"action_time": "2019-01-13T15:13:05.628Z", "user": 1, "content_type": 7, "object_id": "15", "object_repr": "Product: \u0421\u043a\u0438\u0434\u043a\u0430 (15)", "action_flag": 2, "change_message": "[{\"changed\": {\"fields\": [\"name\"]}}]"}}, {"model": "admin.logentry", "pk": 32, "fields": {"action_time": "2019-01-13T15:13:06.300Z", "user": 1, "content_type": 7, "object_id": "15", "object_repr": "Product: \u0421\u043a\u0438\u0434\u043a\u0430 (15)", "action_flag": 2, "change_message": "[]"}}, {"model": "admin.logentry", "pk": 33, "fields": {"action_time": "2019-01-13T15:13:21.119Z", "user": 1, "content_type": 7, "object_id": "15", "object_repr": "Product: \u0421\u043a\u0438\u0434\u043a\u0430 (15)", "action_flag": 2, "change_message": "[{\"changed\": {\"fields\": [\"quantity\"]}}]"}}, {"model": "admin.logentry", "pk": 34, "fields": {"action_time": "2019-01-18T06:21:54.323Z", "user": 1, "content_type": 7, "object_id": "16", "object_repr": "Product: \u0414\u043e\u0441\u0442\u0430\u0432\u043a\u0430 (16)", "action_flag": 1, "change_message": "[{\"added\": {}}]"}}, {"model": "admin.logentry", "pk": 35, "fields": {"action_time": "2019-01-18T10:52:25.606Z", "user": 1, "content_type": 7, "object_id": "16", "object_repr": "Product: \u0414\u043e\u0441\u0442\u0430\u0432\u043a\u0430 (16)", "action_flag": 3, "change_message": ""}}]